"* path","* content","* id","* title","* title_breadcrumb","* title_h1","* title_label","* title_full","* logical_path","* list_flg","* layout","* orderby","* keywords","* description","* category_top_flg","* **delete_flg"
"/index.html",,,"ヘルプトップ",,,,,,"1","top",,,,,
"/intro/index.html",,,"概要",,,,,,"1",,,,,"1",
"/sitemap/index.html",,,"サイトマップ編集",,,,,,"1",,,,,"1",
"/theme/index.html",,,"テーマ編集",,,,,,"1",,,,,"1",
"/contents/index.html",,,"コンテンツ編集",,,,,,"1",,,,,"1",
"/guieditor/index.html",,,"GUI編集",,,,,"/contents/index.html","1",,,,,,
"/guieditor/designing_modules/index.html",,,"GUIモジュール定義",,,,,"/contents/index.html>/guieditor/index.html","1",,,,,,
"/guieditor/designing_modules_with_tplengines/index.html",,,"Twigエンジンを用いたGUIモジュール定義",,,,,"/contents/index.html>/guieditor/index.html","1",,,,,,
"/guieditor/fields/index.html",,,"フィールド一覧",,,,,"/contents/index.html>/guieditor/index.html","1",,,,,,
"/publish/index.html",,,"パブリッシュ",,,,,,"1",,,,,"1",
"/other/index.html",,,"その他の機能",,,,,,"1",,,,,"1",
"/other/clearcache/index.html",,,"キャッシュを削除する",,,,,"/other/index.html","1",,,,,,
